Time,SetX,SetY,PosX,PosY,ControlX,ControlY
0,0,0,-497,-997,0,0
1,10,10,-466,-941,2500,5000
2,20,20,-408,-833,2425,4925
3,30,30,-330,-686,1760,3635
4,40,40,-239,-515,976,2101
5,50,50,-143,-335,224,630
6,60,60,-48,-158,-435,-655
7,70,70,40,5,-969,-1691
8,80,80,118,146,-1368,-2456
9,90,90,183,261,-1626,-2943
10,100,100,233,347,-1754,-3168
11,110,110,268,405,-1765,-3165
12,120,120,290,436,-1675,-2973
13,130,130,300,444,-1508,-2641
14,140,140,300,434,-1294,-2212
15,150,150,293,409,-1054,-1734
16,160,160,281,375,-806,-1252
17,170,170,267,336,-571,-791
18,180,180,252,296,-361,-381
19,190,190,238,259,-187,-38
20,200,200,227,227,-50,228
21,210,210,219,202,46,409
22,220,220,215,185,101,515
23,230,230,215,177,123,550
24,240,240,218,177,113,523
25,250,250,225,183,79,443
26,260,260,235,195,32,329
27,270,270,248,212,-27,201
28,280,280,263,233,-93,67
29,290,290,280,256,-164,-68
30,300,300,297,281,-231,-195
31,310,310,315,306,-294,-308
32,320,320,332,330,-343,-405
33,330,330,348,352,-385,-480
34,340,340,363,371,-412,-530
35,350,350,377,388,-426,-554
36,360,360,390,402,-429,-553
37,370,370,402,414,-425,-538
38,380,380,413,424,-416,-508
39,390,390,423,432,-402,-472
40,400,400,432,439,-385,-432
41,410,410,440,445,-365,-388
42,420,420,448,451,-344,-347
43,430,430,456,457,-322,-311
44,440,440,464,463,-304,-283
45,450,450,472,469,-290,-261
46,460,460,480,476,-280,-245
47,470,470,488,484,-272,-233
48,480,480,497,492,-266,-230
49,490,490,506,501,-262,-234
50,500,500,515,511,-265,-238
51,510,510,525,521,-268,-247
52,520,520,535,532,-271,-261
53,530,530,545,543,-279,-273
54,540,540,556,554,-285,-286
55,550,550,567,565,-291,-297
56,560,560,578,576,-300,-306
57,570,570,589,587,-307,-313
58,580,580,600,598,-312,-318
59,590,590,610,609,-317,-321
60,600,600,620,620,-320,-324
61,610,610,630,631,-318,-325
62,620,620,640,641,-314,-326
63,630,630,650,651,-312,-327
64,640,640,660,661,-310,-323
65,650,650,670,671,-308,-319
66,660,660,680,681,-306,-315
67,670,670,690,691,-306,-313
68,680,680,700,701,-306,-311
69,690,690,710,711,-306,-309
70,700,700,720,721,-306,-307
71,710,710,730,731,-306,-307
72,720,720,740,741,-306,-307
73,730,730,750,751,-306,-307
74,740,740,760,761,-306,-307
75,750,750,770,771,-306,-307
76,760,760,780,781,-306,-307
77,770,770,790,791,-306,-307
78,780,780,800,801,-306,-307
79,790,790,810,811,-306,-307
80,800,800,820,821,-306,-307
81,810,810,830,831,-306,-307
82,820,820,840,841,-306,-307
83,830,830,850,851,-306,-307
84,840,840,860,861,-306,-307
85,850,850,870,871,-306,-307
86,860,860,880,881,-306,-307
87,870,870,890,891,-306,-307
88,880,880,900,901,-306,-307
89,890,890,910,911,-306,-307
90,900,900,920,921,-306,-307
91,910,910,930,931,-306,-307
92,920,920,940,941,-306,-307
93,930,930,950,951,-306,-307
94,940,940,960,961,-306,-307
95,950,950,970,971,-306,-307
96,960,960,980,981,-306,-307
97,970,970,990,991,-306,-307
98,980,980,1000,1001,-306,-307
99,990,990,1010,1011,-306,-307
100,1000,1000,1020,1021,-306,-307
101,1010,990,1030,1031,-306,-307
102,1020,980,1040,1041,-306,-307
103,1030,970,1050,1050,-306,-407
104,1040,960,1060,1057,-306,-507
105,1050,950,1070,1061,-306,-582
106,1060,940,1080,1062,-306,-627
107,1070,930,1090,1060,-306,-641
108,1080,920,1100,1055,-306,-632
109,1090,910,1110,1047,-306,-604
110,1100,900,1120,1036,-306,-563
111,1110,890,1130,1023,-306,-513
112,1120,880,1140,1009,-306,-456
113,1130,870,1150,994,-306,-399
114,1140,860,1160,978,-306,-349
115,1150,850,1170,962,-306,-306
116,1160,840,1180,947,-306,-268
117,1170,830,1190,932,-306,-238
118,1180,820,1200,918,-306,-221
119,1190,810,1210,905,-306,-210
120,1200,800,1212,898,-306,-206
121,1210,790,1207,897,-306,-209
122,1220,780,1196,900,-106,-344
123,1230,770,1181,906,129,-509
124,1240,760,1164,913,354,-666
125,1250,750,1148,920,555,-806
126,1260,740,1134,926,720,-919
127,1270,730,1124,930,840,-1004
128,1280,720,1118,932,916,-1062
129,1290,710,1116,932,948,-1092
130,1300,700,1118,929,946,-1100
131,1310,690,1124,923,918,-1092
132,1320,680,1133,914,870,-1067
133,1330,670,1145,903,808,-1029
134,1340,660,1160,890,739,-982
135,1350,650,1176,876,669,-933
136,1360,640,1193,861,598,-882
137,1370,630,1210,846,536,-836
138,1380,620,1227,831,483,-795
139,1390,610,1244,816,442,-764
140,1400,600,1260,802,411,-741
141,1410,590,1275,789,388,-724
142,1420,580,1288,776,376,-716
143,1430,570,1300,764,375,-717
144,1440,560,1311,753,386,-720
145,1450,550,1321,743,402,-728
146,1460,540,1330,734,421,-739
147,1470,530,1338,725,441,-755
148,1480,520,1346,716,462,-774
149,1490,510,1354,708,484,-789
150,1500,500,1362,700,502,-800
151,1510,490,1370,692,516,-814
152,1520,480,1378,683,526,-824
153,1530,470,1386,674,534,-832
154,1540,460,1395,665,540,-833
155,1550,450,1404,655,544,-832
156,1560,440,1414,645,541,-831
157,1570,430,1424,635,538,-825
158,1580,420,1434,625,530,-819
159,1590,410,1444,615,524,-815
160,1600,400,1454,605,518,-813
161,1610,390,1465,595,514,-811
162,1620,380,1476,585,512,-809
163,1630,370,1487,575,505,-807
164,1640,360,1498,565,498,-807
165,1650,350,1508,555,493,-807
166,1660,340,1518,545,490,-807
167,1670,330,1528,535,492,-807
168,1680,320,1538,525,494,-807
169,1690,310,1548,515,496,-807
170,1700,300,1558,505,498,-807
171,1710,290,1568,495,500,-807
172,1720,280,1578,485,502,-807
173,1730,270,1588,475,502,-807
174,1740,260,1598,465,502,-807
175,1750,250,1608,455,502,-807
176,1760,240,1618,445,502,-807
177,1770,230,1628,435,502,-807
178,1780,220,1638,425,502,-807
179,1790,210,1648,415,502,-807
180,1800,200,1658,405,502,-807
181,1810,190,1668,395,502,-807
182,1820,180,1678,385,502,-807
183,1830,170,1688,375,502,-807
184,1840,160,1698,365,502,-807
185,1850,150,1708,355,502,-807
186,1860,140,1718,345,502,-807
187,1870,130,1728,335,502,-807
188,1880,120,1738,325,502,-807
189,1890,110,1748,315,502,-807
190,1900,100,1758,305,502,-807
191,1910,90,1768,295,502,-807
192,1920,80,1778,285,502,-807
193,1930,70,1788,275,502,-807
194,1940,60,1798,265,502,-807
195,1950,50,1808,255,502,-807
196,1960,40,1818,245,502,-807
197,1970,30,1828,235,502,-807
198,1980,20,1838,225,502,-807
199,1990,10,1848,215,502,-807
